machineID,datetime,failure_probability,will_fail_24h,model_version,model,age
50,2016-01-01 06:00:00,0.007430968,False,1,model4,4.0
75,2016-01-01 06:00:00,0.0013963677,False,1,model3,19.0
58,2016-01-01 06:00:00,0.0013266008,False,1,model1,5.0
31,2016-01-01 06:00:00,0.0011021611,False,1,model1,11.0
23,2016-01-01 06:00:00,0.0006105667,False,1,model1,17.0
16,2016-01-01 06:00:00,0.00042896508,False,1,model1,3.0
67,2016-01-01 06:00:00,0.0003177465,False,1,model4,14.0
36,2016-01-01 06:00:00,0.00014646369,False,1,model4,5.0
78,2016-01-01 06:00:00,0.00014592073,False,1,model4,19.0
93,2016-01-01 06:00:00,0.00014066657,False,1,model3,18.0
3,2016-01-01 06:00:00,0.000117355194,False,1,model3,8.0
88,2016-01-01 06:00:00,0.00011356852,False,1,model4,14.0
12,2016-01-01 06:00:00,8.3399595e-05,False,1,model3,9.0
72,2016-01-01 06:00:00,5.7626865e-05,False,1,model4,2.0
82,2016-01-01 06:00:00,5.675557e-05,False,1,model3,11.0
22,2016-01-01 06:00:00,5.5206863e-05,False,1,model1,14.0
45,2016-01-01 06:00:00,5.3576892e-05,False,1,model3,14.0
85,2016-01-01 06:00:00,5.3334443e-05,False,1,model1,16.0
60,2016-01-01 06:00:00,3.6304493e-05,False,1,model4,3.0
38,2016-01-01 06:00:00,2.9446468e-05,False,1,model4,15.0
6,2016-01-01 06:00:00,2.8335444e-05,False,1,model3,7.0
34,2016-01-01 06:00:00,2.6653453e-05,False,1,model4,10.0
5,2016-01-01 06:00:00,2.5925689e-05,False,1,model3,2.0
15,2016-01-01 06:00:00,2.4954996e-05,False,1,model3,14.0
98,2016-01-01 06:00:00,2.4360033e-05,False,1,model2,20.0
71,2016-01-01 06:00:00,2.2103652e-05,False,1,model2,18.0
26,2016-01-01 06:00:00,2.0825646e-05,False,1,model3,3.0
44,2016-01-01 06:00:00,2.020817e-05,False,1,model4,7.0
55,2016-01-01 06:00:00,1.833894e-05,False,1,model3,17.0
94,2016-01-01 06:00:00,1.8148363e-05,False,1,model2,18.0
59,2016-01-01 06:00:00,1.4610246e-05,False,1,model3,17.0
80,2016-01-01 06:00:00,1.4331461e-05,False,1,model3,6.0
43,2016-01-01 06:00:00,1.27097e-05,False,1,model3,14.0
57,2016-01-01 06:00:00,1.1580497e-05,False,1,model4,10.0
18,2016-01-01 06:00:00,9.710143e-06,False,1,model3,15.0
69,2016-01-01 06:00:00,9.193893e-06,False,1,model2,19.0
53,2016-01-01 06:00:00,9.178815e-06,False,1,model3,5.0
87,2016-01-01 06:00:00,9.114928e-06,False,1,model2,12.0
11,2016-01-01 06:00:00,8.4000585e-06,False,1,model2,6.0
10,2016-01-01 06:00:00,8.240188e-06,False,1,model3,10.0
20,2016-01-01 06:00:00,7.7695895e-06,False,1,model2,16.0
90,2016-01-01 06:00:00,7.7311915e-06,False,1,model2,2.0
56,2016-01-01 06:00:00,7.2939583e-06,False,1,model1,10.0
42,2016-01-01 06:00:00,7.260168e-06,False,1,model1,7.0
19,2016-01-01 06:00:00,7.208123e-06,False,1,model3,17.0
61,2016-01-01 06:00:00,7.115231e-06,False,1,model4,2.0
91,2016-01-01 06:00:00,7.090642e-06,False,1,model4,17.0
17,2016-01-01 06:00:00,7.0750793e-06,False,1,model1,14.0
74,2016-01-01 06:00:00,6.598747e-06,False,1,model4,4.0
97,2016-01-01 06:00:00,6.085022e-06,False,1,model2,14.0
79,2016-01-01 06:00:00,5.9387944e-06,False,1,model3,14.0
92,2016-01-01 06:00:00,5.9170234e-06,False,1,model1,2.0
89,2016-01-01 06:00:00,5.791185e-06,False,1,model3,17.0
65,2016-01-01 06:00:00,5.763603e-06,False,1,model3,15.0
21,2016-01-01 06:00:00,5.6728895e-06,False,1,model2,14.0
37,2016-01-01 06:00:00,4.7760814e-06,False,1,model1,16.0
7,2016-01-01 06:00:00,4.7248973e-06,False,1,model3,20.0
24,2016-01-01 06:00:00,4.564799e-06,False,1,model1,20.0
73,2016-01-01 06:00:00,4.3998584e-06,False,1,model2,20.0
1,2016-01-01 06:00:00,4.370042e-06,False,1,model3,18.0
63,2016-01-01 06:00:00,4.3500795e-06,False,1,model4,14.0
35,2016-01-01 06:00:00,4.33893e-06,False,1,model1,17.0
76,2016-01-01 06:00:00,4.2274833e-06,False,1,model2,10.0
8,2016-01-01 06:00:00,4.091288e-06,False,1,model3,16.0
49,2016-01-01 06:00:00,3.6265662e-06,False,1,model1,15.0
46,2016-01-01 06:00:00,3.5885325e-06,False,1,model4,10.0
27,2016-01-01 06:00:00,3.5682244e-06,False,1,model3,9.0
30,2016-01-01 06:00:00,3.1880274e-06,False,1,model3,20.0
28,2016-01-01 06:00:00,3.1463846e-06,False,1,model4,1.0
25,2016-01-01 06:00:00,3.0718315e-06,False,1,model4,16.0
86,2016-01-01 06:00:00,3.0296055e-06,False,1,model3,2.0
95,2016-01-01 06:00:00,3.0017177e-06,False,1,model2,18.0
4,2016-01-01 06:00:00,2.9069379e-06,False,1,model3,7.0
64,2016-01-01 06:00:00,2.6909488e-06,False,1,model3,20.0
32,2016-01-01 06:00:00,2.6820894e-06,False,1,model4,15.0
83,2016-01-01 06:00:00,2.656549e-06,False,1,model4,18.0
14,2016-01-01 06:00:00,2.6503442e-06,False,1,model3,1.0
51,2016-01-01 06:00:00,2.5651789e-06,False,1,model4,19.0
41,2016-01-01 06:00:00,2.5187373e-06,False,1,model4,9.0
70,2016-01-01 06:00:00,2.448012e-06,False,1,model3,9.0
52,2016-01-01 06:00:00,2.260072e-06,False,1,model3,14.0
54,2016-01-01 06:00:00,2.143421e-06,False,1,model2,10.0
96,2016-01-01 06:00:00,2.100154e-06,False,1,model2,10.0
9,2016-01-01 06:00:00,2.0706389e-06,False,1,model4,7.0
40,2016-01-01 06:00:00,1.9919885e-06,False,1,model2,4.0
81,2016-01-01 06:00:00,1.9874667e-06,False,1,model4,1.0
47,2016-01-01 06:00:00,1.8933531e-06,False,1,model2,6.0
100,2016-01-01 06:00:00,1.8841702e-06,False,1,model4,5.0
33,2016-01-01 06:00:00,1.7914355e-06,False,1,model3,14.0
48,2016-01-01 06:00:00,1.7583047e-06,False,1,model4,10.0
29,2016-01-01 06:00:00,1.7275979e-06,False,1,model4,3.0
39,2016-01-01 06:00:00,1.7173297e-06,False,1,model4,0.0
2,2016-01-01 06:00:00,1.6198155e-06,False,1,model4,7.0
62,2016-01-01 06:00:00,1.5496076e-06,False,1,model4,20.0
66,2016-01-01 06:00:00,1.3223832e-06,False,1,model4,6.0
68,2016-01-01 06:00:00,1.2398071e-06,False,1,model3,10.0
77,2016-01-01 06:00:00,1.2224682e-06,False,1,model4,12.0
99,2016-01-01 06:00:00,1.0096331e-06,False,1,model1,14.0
13,2016-01-01 06:00:00,9.3432993e-07,False,1,model1,15.0
84,2016-01-01 06:00:00,9.0535485e-07,False,1,model3,9.0
