feature,importance
cat__model_model4,3.359454119263255
cat__model_model3,2.8413068912188058
cat__model_model2,2.3987639334574924
cat__model_model1,2.147462493011953
num__error1_count_24h,2.0438271913153887
num__volt_mean_24h,1.9099881237283711
num__error4_count_24h,1.648207782253152
num__error5_count_24h,1.5331979378934681
num__error3_count_24h,1.4946963999295766
num__pressure_mean_24h,1.4797183340133413
num__error2_count_24h,1.4241688635796617
num__vibration_mean_24h,1.1298491807389432
num__rotate_mean_24h,0.785609684018768
num__days_since_comp1,0.2681606703954496
num__vibration_std_24h,0.2610351220940881
num__pressure_std_24h,0.22122698726007015
num__days_since_comp4,0.20617995188565374
num__days_since_comp2,0.19578439272988515
num__age,0.18786750029732655
num__days_since_comp3,0.15045872154076043
num__rotate_std_3h,0.1165449988641325
num__volt_mean_3h,0.1147337676532426
num__rotate_std_24h,0.10852861518171
num__pressure_mean_3h,0.10386499237102674
num__pressure_std_3h,0.10345019544004896
num__rotate_mean_3h,0.05262006831636813
num__volt_std_24h,0.020004889688079987
num__vibration_std_3h,0.017579654777742895
num__volt_std_3h,0.014233297511928112
num__vibration_mean_3h,0.004525243337317349
